{
    "Scan_1": {
        "1": {
            "name": "1_X_0001",
            "normrate": [
                7.786460950167299e-07,
                7.018251593977921e-06,
                4.94566493653544e-05,
                0.00013205378821794128,
                0.00017290510570207722,
                0.0001336150781816766,
                8.845025027744148e-05,
                1.7445751646287078e-05,
                7.882695677394543e-07
            ],
            "normrateerr": [
                7.786460950167298e-07,
                2.0794819537712356e-06,
                7.733475922611864e-06,
                9.458931807233122e-06,
                1.4659309935584799e-05,
                6.379139467774518e-06,
                1.5442315708965927e-05,
                5.021038594640443e-06,
                7.882695677394542e-07
            ],
            "sep": [
                -0.849982,
                -0.637486,
                -0.424991,
                -0.212496,
                0.0,
                0.212496,
                0.424991,
                0.637486,
                0.849982
            ],
            "seperr": [
                0.0,
                0.0,
                0.0,
                0.0,
                0.0,
                0.0,
                0.0,
                0.0,
                0.0
            ]
        },
        "1786": {
            "name": "1_X_1786",
            "normrate": [
                2.7715784972300487e-06,
                5.55084413596688e-06,
                4.4002162887100356e-05,
                0.00012929280503857325,
                0.00016646894477586935,
                0.000142052240153658,
                7.967680225262807e-05,
                1.182009498298582e-05,
                0.0
            ],
            "normrateerr": [
                1.265046719024306e-06,
                1.8357691437811952e-06,
                8.041516179709313e-06,
                1.4945372142487162e-05,
                8.973772238767499e-06,
                9.536696410811408e-06,
                1.0174722220172636e-05,
                2.8216480640399246e-06,
                0.0
            ],
            "sep": [
                -0.849982,
                -0.637486,
                -0.424991,
                -0.212496,
                0.0,
                0.212496,
                0.424991,
                0.637486,
                0.849982
            ],
            "seperr": [
                0.0,
                0.0,
                0.0,
                0.0,
                0.0,
                0.0,
                0.0,
                0.0,
                0.0
            ]
        },
        "892": {
            "name": "1_X_0892",
            "normrate": [
                0.0,
                1.1664878970224857e-05,
                5.359380998728014e-05,
                0.00012903107523766936,
                0.0001875026866845314,
                0.0001577868295998702,
                8.024491551240864e-05,
                1.0666792895790667e-05,
                0.0
            ],
            "normrateerr": [
                0.0,
                3.797993794092042e-06,
                8.606851727175063e-06,
                1.4521009772637752e-05,
                1.288274051336291e-05,
                1.0555524594999234e-05,
                1.497397694028554e-05,
                2.8924403329258238e-06,
                0.0
            ],
            "sep": [
                -0.849982,
                -0.637486,
                -0.424991,
                -0.212496,
                0.0,
                0.212496,
                0.424991,
                0.637486,
                0.849982
            ],
            "seperr": [
                0.0,
                0.0,
                0.0,
                0.0,
                0.0,
                0.0,
                0.0,
                0.0,
                0.0
            ]
        }
    },
    "Scan_2": {
        "1": {
            "name": "2_Y_0001",
            "normrate": [
                4.288389869016289e-06,
                7.515443351217505e-06,
                6.179034363613948e-05,
                0.00014392809105917136,
                0.00017046486050970342,
                0.0001428662984629003,
                6.409711389721197e-05,
                1.5903272483582664e-05,
                5.319765717549192e-06
            ],
            "normrateerr": [
                1.8361788418501844e-06,
                2.7801259985639655e-06,
                9.215664999938509e-06,
                1.0394811777060205e-05,
                1.2781814848210344e-05,
                1.2704618882022011e-05,
                1.0721274748719045e-05,
                3.390589086172292e-06,
                1.995507267194356e-06
            ],
            "sep": [
                -0.849982,
                -0.637486,
                -0.424991,
                -0.212496,
                0.0,
                0.212496,
                0.424991,
                0.637486,
                0.849982
            ],
            "seperr": [
                0.0,
                0.0,
                0.0,
                0.0,
                0.0,
                0.0,
                0.0,
                0.0,
                0.0
            ]
        },
        "1786": {
            "name": "2_Y_1786",
            "normrate": [
                2.5412312056385776e-06,
                2.137318661393363e-05,
                5.8724179426544046e-05,
                0.00013807386778675183,
                0.0001647666046936794,
                0.00014606267229412548,
                6.933996292867665e-05,
                1.5393027910040706e-05,
                8.765234173294647e-06
            ],
            "normrateerr": [
                1.4899288620352853e-06,
                4.042491525317164e-06,
                8.56471968033211e-06,
                1.267548391910172e-05,
                1.0813968185315936e-05,
                1.0503418439806548e-05,
                7.586121724969102e-06,
                3.3877777919811555e-06,
                2.02274634768338e-06
            ],
            "sep": [
                -0.849982,
                -0.637486,
                -0.424991,
                -0.212496,
                0.0,
                0.212496,
                0.424991,
                0.637486,
                0.849982
            ],
            "seperr": [
                0.0,
                0.0,
                0.0,
                0.0,
                0.0,
                0.0,
                0.0,
                0.0,
                0.0
            ]
        },
        "892": {
            "name": "2_Y_0892",
            "normrate": [
                5.355992958895737e-06,
                1.6899250699475738e-05,
                5.144966913180734e-05,
                0.00013225318693311597,
                0.0001662230844345915,
                0.0001450287531530126,
                5.362942248261182e-05,
                2.013390939425042e-05,
                4.071116605625576e-06
            ],
            "normrateerr": [
                2.024375056150159e-06,
                3.5941066373955545e-06,
                1.0410478675906555e-05,
                1.1405615465303195e-05,
                1.0232359814895379e-05,
                1.4325342896592226e-05,
                1.115808328795686e-05,
                3.155074218665566e-06,
                2.0031728389420794e-06
            ],
            "sep": [
                -0.849982,
                -0.637486,
                -0.424991,
                -0.212496,
                0.0,
                0.212496,
                0.424991,
                0.637486,
                0.849982
            ],